Distribuzione,FitType,Parametri,KS_pvalue,AIC,BIC,MAE_KDE_PDF,FitMean,FitStd,Plausible
Lognormale,Best-MAE (curve_fit),[ 1.51668487e-01 -1.04286559e+03  1.06960338e+03],3.173201133810606e-152,14400.320615835186,14414.684150782115,3.8307293427393004e-05,1081.9766225351484,165.05001741392365,False
Weibull,Best-MAE (curve_fit),[   2.46385551 -329.13696104  407.46719501],1.4679497272027213e-161,20536.06137782868,20550.42491277561,3.956667626787882e-05,361.4070661730734,156.67817970019996,False
Esponenziale,Best-MAE (curve_fit),[-99.41646397 202.89788194],2.466054225988704e-120,12184.149277824396,12193.724967789014,6.269578769973783e-05,103.48141797143288,202.89788193785014,False
Normale,Best-MAE (curve_fit),[ 19.52930383 167.89754384],2.5653548890549884e-167,20491.16139756404,20500.737087528658,3.94863669413595e-05,19.529303825205233,167.89754384259538,False
