Stage,Distribuzione,Parametri,MAE_KDE_PDF,KS_pvalue,AIC,BIC,FitMean,FitStd,Plausible
_e2e_,Lognormale,"[1.6771994667635377, 10.938794695971115, 8034.027221690398]",4.702487657108528e-06,5.221669868251377e-215,inf,inf,32792.01202470525,129766.03531205948,False
_e2e_,Weibull,"[0.878015682683383, 1.5165918188233976, 10115.882256906865]",5.854391346039083e-06,5.32671162230499e-205,inf,inf,10792.979219410967,12325.385940528598,True
_e2e_,Esponenziale,"[-0.2079999999990059, 8398.519430278498]",5.9524518212040695e-06,2.3887710652062517e-205,17127.201921343192,17136.77761130781,8398.3114302785,8398.519430278498,True
_e2e_,Normale,"[472.55203584177127, 4060.925414999842]",1.6596438806859575e-06,2.656430287877903e-167,25990.443320193783,26000.0190101584,472.55203584177127,4060.925414999842,True
