Distribuzione,FitType,Parametri,KS_pvalue,AIC,BIC,MAE_KDE_PDF,FitMean,FitStd,Plausible
Lognormale,Best-MAE (curve_fit),[ 1.76640042 -0.56142392 42.15619548],9.943061497482117e-93,970.4343730735848,978.7464269469817,0.0012782651391259083,200.63089661647555,933.5319191000767,False
Weibull,Best-MAE (curve_fit),[  2.39611186 -37.89737413  44.13777317],7.438612332955596e-28,1587.2537220624042,1595.5657759358012,0.00019198901211152914,39.12617981399767,17.39085806483175,False
Esponenziale,Best-MAE (curve_fit),[-12.54462589  20.7488696 ],1.0445065292977542e-22,984.1598966685524,989.7012659174837,0.0004023253383303753,8.20424371386015,20.7488696000353,False
Normale,Best-MAE (curve_fit),[-0.32524511 18.84783545],1.289042586089429e-28,1606.8048360196685,1612.3462052685998,0.00019560095855987135,-0.3252451092045995,18.847835448699986,False
