Distribuzione,FitType,Parametri,KS_pvalue,AIC,BIC,MAE_KDE_PDF,FitMean,FitStd,Plausible
Lognormale,Best-MAE (curve_fit),[  1.52298157 -12.78065616 322.43533939],3.290603597679478e-47,2536.7313817455706,2546.565725723262,0.0001278925672144956,1028.2761551456106,3113.87956826116,False
Weibull,Best-MAE (curve_fit),[   2.40347976 -343.91014567  428.10737648],4.365281055704768e-36,3499.4077152269942,3509.2420592046856,5.161404960668668e-05,379.5197713510593,168.22630688883407,False
Esponenziale,Best-MAE (curve_fit),[-106.66790393  219.68775951],1.3259186799535276e-26,2635.337530927497,2641.893760245958,7.919679896309638e-05,113.0198555795023,219.68775951053897,True
Normale,Best-MAE (curve_fit),[ 20.49361974 180.65012247],1.419907143061858e-37,3601.7708101745475,3608.3270394930087,5.16896250429167e-05,20.49361973686314,180.65012247174585,False
