TargetColumn,Distribuzione,FitType,Parametri,KS_pvalue,AIC,BIC,MAE_KDE_PDF,FitMean,FitStd,Plausible
dev_duration_days,Weibull,Best-MAE (curve_fit),[   2.13046983 -279.07055412  335.38112967],3.5734011016120613e-44,3284.0510302867206,3293.885374264412,5.247286973983038e-05,297.0232062435973,146.68739824134067,False
dev_duration_days,Normale,Best-MAE (curve_fit),[ -1.48989558 160.22821842],1.468589811941813e-46,3612.3079163418297,3618.864145660291,5.37750068450744e-05,-1.48989557836679,160.22821841804821,False
dev_duration_days,Esponenziale,Best-MAE (curve_fit),[-105.50710565  181.3365619 ],2.98042105295498e-35,2591.3287862316765,2597.8850155501377,6.717552438799325e-05,75.82945625250741,181.33656190367358,False
dev_duration_days,Lognormale,Best-MAE (curve_fit),[  1.74573839  -4.79505928 353.50526768],3.9427553104408096e-85,2514.1311413585445,2523.965485336236,0.0001374220837496569,1622.461393736283,7267.609629469548,False
