Distribuzione,FitType,Parametri,KS_pvalue,AIC,BIC,MAE_KDE_PDF,FitMean,FitStd,Plausible
Lognormale,Best-MAE (curve_fit),[  1.74573834  -4.79506243 353.50525681],3.9427703753928435e-85,2514.1311054419784,2523.9654494196698,0.00013742208347089136,1622.4612013041203,7267.608097083201,False
Weibull,Best-MAE (curve_fit),[   2.13046984 -279.07055606  335.38113154],3.5734007340365244e-44,3284.051039700318,3293.8853836780095,5.2472869744051175e-05,297.02320789718493,146.6873983239328,False
Esponenziale,Best-MAE (curve_fit),[-105.5071057   181.33656183],2.980420709182895e-35,2591.328786413644,2597.8850157321053,6.717552436382388e-05,75.82945612261098,181.33656182747816,False
Normale,Best-MAE (curve_fit),[ -1.48989558 160.22821842],1.468589811941813e-46,3612.3079163418297,3618.864145660291,5.37750068450744e-05,-1.48989557836679,160.22821841804821,False
