TargetColumn,Distribuzione,FitType,Parametri,KS_pvalue,AIC,BIC,MAE_KDE_PDF,FitMean,FitStd,Plausible
resolution_time_days,Lognormale,Best-MAE (curve_fit),[ 1.51668493e-01 -1.04286554e+03  1.06960334e+03],3.1732058156986712e-152,14400.320526130608,14414.684061077538,3.8307293490384655e-05,1081.9765797745724,165.05001743789526,False
resolution_time_days,Normale,Best-MAE (curve_fit),[ 19.52930382 167.89754384],2.5653547923274274e-167,20491.161397738637,20500.737087703255,3.948636694056386e-05,19.52930381619804,167.89754384199622,False
resolution_time_days,Weibull,Best-MAE (curve_fit),[   2.46385554 -329.13696613  407.46719997],1.4679483302703342e-161,20536.061656362166,20550.425191309096,3.9566676296818007e-05,361.4070706723776,156.67817993857233,False
resolution_time_days,Esponenziale,Best-MAE (curve_fit),[-99.41646398 202.89788198],2.4660543640606724e-120,12184.14927768935,12193.724967653969,6.269578771107216e-05,103.48141800745383,202.89788198390306,False
