Distribuzione,FitType,Parametri,KS_pvalue,AIC,BIC,MAE_KDE_PDF,FitMean,FitStd,Plausible
Lognormale,Best-MAE (curve_fit),[ 1.51668500e-01 -1.04286549e+03  1.06960329e+03],3.173211162473807e-152,14400.320424692785,14414.683959639715,3.830729356282773e-05,1081.9765315372206,165.05001747171823,False
Weibull,Best-MAE (curve_fit),[   2.46385555 -329.13696798  407.46720172],1.467947640110023e-161,20536.06177004545,20550.42530499238,3.95666762970307e-05,361.40707226147384,156.6781799740491,False
Esponenziale,Best-MAE (curve_fit),[-99.41646398 202.89788181],2.466053360115556e-120,12184.149278581088,12193.724968545706,6.269578766902656e-05,103.48141782879063,202.89788181229176,False
Normale,Best-MAE (curve_fit),[ 19.52930382 167.89754384],2.5653547923274274e-167,20491.161397738637,20500.737087703255,3.948636694056386e-05,19.52930381619804,167.89754384199622,False
