Distribuzione,FitType,Parametri,KS_pvalue,AIC,BIC,MAE_KDE_PDF,FitMean,FitStd,Plausible
Lognormale,Best-MAE (curve_fit),[  1.74573837  -4.7950608  353.50526244],3.942761672262542e-85,2514.1311261172896,2523.965470094981,0.00013742208367558656,1622.461292582812,7267.608813662788,False
Weibull,Best-MAE (curve_fit),[   2.13046983 -279.07055329  335.38112886],3.5734012503185387e-44,3284.051026293416,3293.885370271107,5.2472869737390216e-05,297.02320553138867,146.68739820334326,False
Esponenziale,Best-MAE (curve_fit),[-105.50710566  181.33656201],2.980421223604857e-35,2591.3287861677477,2597.885015486209,6.717552442207442e-05,75.82945634507098,181.33656200865337,False
Normale,Best-MAE (curve_fit),[ -1.48989833 160.22821838],1.4685852693040727e-46,3612.307923148147,3618.864152466608,5.377500651961602e-05,-1.4898983291892973,160.22821837940077,False
