Distribuzione,FitType,Parametri,KS_pvalue,AIC,BIC,MAE_KDE_PDF,FitMean,FitStd,Plausible
Lognormale,Best-MAE (curve_fit),[   0.24601911 -168.41876183  186.30273219],7.736710537714854e-21,2068.2919790189558,2078.126322996647,3.6108285543009594e-05,192.0269339532061,47.966230349176705,False
Weibull,Best-MAE (curve_fit),[  1.914014   -59.72664251  92.53084421],3.9121812483486947e-22,2359.1936951828166,2369.028039160508,4.480066222543874e-05,82.08979630464535,44.643309954764675,False
Esponenziale,Best-MAE (curve_fit),[-21.7210382  64.6021962],1.1897747758834401e-14,1982.410121732254,1988.966351050715,0.00010120721547305206,42.881158009419195,64.60219620450644,True
Normale,Best-MAE (curve_fit),[13.76991315 46.93822368],1.305412153189998e-26,2858.557894705125,2865.114124023586,6.016882592606811e-05,13.769913147862663,46.938223683556956,False
