TargetColumn,Distribuzione,FitType,Parametri,KS_pvalue,AIC,BIC,MAE_KDE_PDF,FitMean,FitStd,Plausible
test_duration_days,Weibull,Best-MAE (curve_fit),[  2.39611187 -37.89737437  44.1377734 ],7.4386119120958345e-28,1587.253731082001,1595.565784955398,0.00019198901209010184,39.12618002045231,17.390858075374272,False
test_duration_days,Normale,Best-MAE (curve_fit),[-0.32524511 18.84783545],1.2890426104405908e-28,1606.8048359905706,1612.3462052395018,0.00019560095858739694,-0.32524510595092365,18.847835448785975,False
test_duration_days,Esponenziale,Best-MAE (curve_fit),[-12.54462588  20.74886959],1.044506515590857e-22,984.1598966530494,989.7012659019807,0.0004023253381965445,8.20424370894125,20.74886959289087,False
test_duration_days,Lognormale,Best-MAE (curve_fit),[ 1.76640042 -0.56142397 42.15619522],9.943069942103996e-93,970.434367621465,978.7464214948619,0.001278265137681088,200.6308935128955,933.5318956065925,False
