TargetColumn,Distribuzione,FitType,Parametri,KS_pvalue,AIC,BIC,MAE_KDE_PDF,FitMean,FitStd,Plausible
review_duration_days,Lognormale,Best-MAE (curve_fit),[   0.24601911 -168.41875551  186.302726  ],7.73671371902433e-21,2068.291974887228,2078.1263188649195,3.610828548986857e-05,192.02692795834926,47.9662304811068,False
review_duration_days,Weibull,Best-MAE (curve_fit),[  1.914014   -59.72664238  92.53084409],3.91218142618764e-22,2359.1936933154725,2369.028037293164,4.4800662200847906e-05,82.08979619817457,44.64330995082826,False
review_duration_days,Normale,Best-MAE (curve_fit),[13.76991315 46.93822368],1.305412153189998e-26,2858.557894705125,2865.114124023586,6.016882592606811e-05,13.769913147862663,46.938223683556956,False
review_duration_days,Esponenziale,Best-MAE (curve_fit),[-21.7210382   64.60219614],1.1897747063135591e-14,1982.4101217033094,1988.9663510217704,0.00010120721528952228,42.881157946927516,64.60219614452005,True
