Distribuzione,FitType,Parametri,KS_pvalue,AIC,BIC,MAE_KDE_PDF,FitMean,FitStd,Plausible
Lognormale,Best-MAE (curve_fit),[ 1.76640041 -0.56142401 42.15619506],9.943074127924975e-93,970.4343658251007,978.7464196984977,0.0012782651374067056,200.63089013710467,933.5318669603654,False
Weibull,Best-MAE (curve_fit),[  2.39611188 -37.89737452  44.13777355],7.438611676275899e-28,1587.253736967646,1595.565790841043,0.00019198901208487137,39.126180157704404,17.390858082921877,False
Esponenziale,Best-MAE (curve_fit),[-12.54462588  20.74886959],1.0445065347369672e-22,984.1598966258227,989.7012658747541,0.00040232533821305585,8.204243712300133,20.748869593988516,False
Normale,Best-MAE (curve_fit),[-0.32524511 18.84783545],1.2890426104405908e-28,1606.8048359905706,1612.3462052395018,0.00019560095858739694,-0.32524510595092365,18.847835448785975,False
