Distribuzione,FitType,Parametri,KS_pvalue,AIC,BIC,MAE_KDE_PDF,FitMean,FitStd,Plausible
Lognormale,Best-MAE (curve_fit),[   0.24601912 -168.41875397  186.30272449],7.736714504950006e-21,2068.2919738787323,2078.1263178564236,3.610828547412915e-05,192.02692649530726,47.966230511120315,False
Weibull,Best-MAE (curve_fit),[  1.91401401 -59.72664279  92.53084446],3.912180898661478e-22,2359.193699858928,2369.0280438366194,4.480066225511053e-05,82.08979652332032,44.64330994477702,False
Esponenziale,Best-MAE (curve_fit),[-21.72103822  64.60219616],1.1897746590844306e-14,1982.4101218342435,1988.9663511527044,0.00010120721532737813,42.88115794048271,64.6021961580165,True
Normale,Best-MAE (curve_fit),[13.76991328 46.93822368],1.3054126114712526e-26,2858.557894336381,2865.1141236548424,6.016882607875276e-05,13.769913279585703,46.938223679696094,False
