Distribuzione,FitType,Parametri,KS_pvalue,AIC,BIC,MSE_KDE_PDF,FitMean,FitStd,Plausible
Lognormale,Best-MSE (curve_fit),[ 1.76640041 -0.56142401 42.15619518],9.943074349629937e-93,970.434365548483,978.74641942188,2.579319215814199e-06,200.63089137955492,933.5318760798302,False
Weibull,Best-MSE (curve_fit),[  2.39611187 -37.89737433  44.13777336],7.438611995302156e-28,1587.2537294959773,1595.5657833693742,4.981252081710818e-08,39.126179985449454,17.390858073874874,False
Esponenziale,Best-MSE (curve_fit),[-12.54462589  20.74886959],1.0445064692078035e-22,984.1598966931213,989.7012659420526,5.295879335411433e-07,8.204243698944179,20.74886958552796,False
Normale,Best-MSE (curve_fit),[-0.32524511 18.84783545],1.2890425750397594e-28,1606.8048360434584,1612.3462052923896,5.477443443152173e-08,-0.3252451106779971,18.847835448487086,False
