stage,dist,c,loc,scale,shape,mse,ks_pvalue,aic,bic,s,mu,sigma
development,weibull_min,2.130469836685823,-279.0705547687271,335.3811302780479,2.130469836685823,3.975012760788849e-09,3.573400949171509e-44,3284.051033619422,3293.8853775971133,,,
review,lognorm,,-168.41875381846089,186.30272434047788,,7.181505684691722e-09,7.736714532826664e-21,2068.291973782626,2078.1263177603173,0.24601911581073532,5.227372900906301,0.24601911581073532
testing,weibull_min,2.396111869396149,-37.89737432763771,44.13777336152829,2.396111869396149,4.981252081710818e-08,7.438611995302156e-28,1587.2537294959773,1595.5657833693742,,,
