stage,is_winner,mae,ks_pvalue,aic,bic,dist,mu,sigma,s,c,scale,loc
dev_review,True,3.830729356282773e-05,3.173211162473807e-152,14400.320424692783,14414.683959639717,lognorm,6.975043101699233,0.1516685,0.1516685,,1069.60329,-1042.86549
testing,True,3.830729356282773e-05,3.173211162473807e-152,14400.320424692783,14414.683959639717,lognorm,6.975043101699233,0.1516685,0.1516685,,1069.60329,-1042.86549
