stage,is_winner,mae,ks_pvalue,aic,bic,dist,mu,sigma,s,c,scale,loc
dev,True,5.247286973983038e-05,3.5734011016120613e-44,3284.051030286721,3293.885374264412,weibull_min,,,,2.13046983,335.38112967,-279.07055412
review,True,7.181505684691722e-09,7.736714532826664e-21,2068.291973782626,2078.1263177603173,lognorm,5.2273729009037355,0.24601912,0.24601912,,186.30272434,-168.41875382
testing,True,4.981252081710818e-08,7.438611995302156e-28,1587.2537294959773,1595.5657833693742,weibull_min,,,,2.39611187,44.13777336,-37.89737433
