stage,dist,s,c,loc,scale,mu,sigma,mae,ks_pvalue,aic,bic
development,weibull_min,,,,,,,5.2472869744051175e-05,3.5734007340365244e-44,3284.051039700318,3293.885383678009
review,lognorm,,,,,,,3.61082855430096e-05,7.736710537714854e-21,2068.291979018956,2078.126322996647
testing,weibull_min,,,,,,,0.0001919890120848,7.438611676275899e-28,1587.253736967646,1595.565790841043
