stage,is_winner,mae,ks_pvalue,aic,bic,dist,mu,sigma,s,c,scale,loc
dev,True,5.247286973983038e-05,3.5734011016120613e-44,3284.051030286721,3293.885374264412,weibull_min,,,,2.13046983,335.38112967,-279.07055412
review,True,3.610828547412915e-05,7.736714504950006e-21,2068.2919738787323,2078.126317856424,lognorm,5.227372901708876,0.24601912,0.24601912,,186.30272449,-168.41875397
testing,True,0.0001919890121115,7.438612332955596e-28,1587.2537220624042,1595.5657759358012,weibull_min,,,,2.39611186,44.13777317,-37.89737413
