stage,is_winner,mae,ks_pvalue,aic,bic,dist,mu,sigma,s,c,scale,loc
dev_review,True,3.830729342739301e-05,3.173201133810606e-152,14400.320615835186,14414.684150782115,lognorm,6.975043185842576,0.151668487,0.151668487,,1069.60338,-1042.86559
testing,True,3.830729342739301e-05,3.173201133810606e-152,14400.320615835186,14414.684150782115,lognorm,6.975043185842576,0.151668487,0.151668487,,1069.60338,-1042.86559
