stage,is_winner,mae,aic,bic,ks_pvalue,dist,mu,sigma,s,shape,c,scale,loc
dev_review,True,1.6596438806859577e-06,25990.443320193783,26000.0190101584,2.656430287877903e-167,norm,472.55203584177127,4060.925414999842,,,,,
testing,True,1.6596438806859577e-06,25990.443320193783,26000.0190101584,2.656430287877903e-167,norm,472.55203584177127,4060.925414999842,,,,,
