n_observations,mean,median,mode_kde,q1,q3,std,min,max
786,1187.568300819904,375.44694444444445,219.55291235680124,83.86513888888888,1586.8396527777777,1790.9586658460307,0.2311111111111111,9959.434722222222
